<keymap version="1" name="Bdiebeak Keymap" parent="Visual Studio">
  <action id="BuildProject" />
  <action id="BuildSolutionAction" />
  <action id="CodeVision.ShowMore">
    <keyboard-shortcut first-keystroke="ctrl alt v" />
  </action>
  <action id="EditorDecreaseFontSizeGlobal">
    <keyboard-shortcut first-keystroke="shift ctrl alt minus" />
  </action>
  <action id="EditorIncreaseFontSizeGlobal">
    <keyboard-shortcut first-keystroke="shift ctrl alt equals" />
  </action>
  <action id="GotoDeclaration">
    <keyboard-shortcut first-keystroke="f12" />
    <mouse-shortcut keystroke="control button1" />
    <mouse-shortcut keystroke="button2" />
    <keyboard-shortcut first-keystroke="ctrl b" />
  </action>
  <action id="GotoImplementation">
    <keyboard-shortcut first-keystroke="alt end" />
    <keyboard-shortcut first-keystroke="shift ctrl b" />
  </action>
  <action id="RenameElement">
    <keyboard-shortcut first-keystroke="ctrl r" second-keystroke="r" />
    <keyboard-shortcut first-keystroke="ctrl r" second-keystroke="ctrl r" />
    <keyboard-shortcut first-keystroke="f2" />
  </action>
</keymap>